0,-0.09686073,1.105246,-0.2755335
0,-0.1000977,1.104151,-0.2755414
0,-0.1007865,1.103665,-0.2755691
0,-0.1011591,1.103131,-0.2755668
0,-0.100839,1.102704,-0.2754815
0,-0.1015832,1.101754,-0.2755097
0,-0.1018238,1.101712,-0.2757487
0,-0.1020822,1.102251,-0.2762198
0,-0.1023004,1.102837,-0.2768727
0,-0.103044,1.102883,-0.2775129
0,-0.1038313,1.103058,-0.2780003
0,-0.1041026,1.103222,-0.278181
0,-0.1035869,1.104119,-0.2784896
0,-0.1036831,1.106864,-0.2789434
0,-0.1075178,1.108841,-0.2753069
0,-0.1080218,1.113418,-0.2788471
0,-0.1103499,1.113521,-0.2800829
0,-0.1110939,1.111779,-0.280117
0,-0.1116467,1.112535,-0.2804352
0,-0.1112716,1.113222,-0.2802859
0,-0.1110954,1.113213,-0.2799263
0,-0.1120463,1.11365,-0.2804985
0,-0.1125691,1.113896,-0.2809114
0,-0.1128417,1.114119,-0.281077
0,-0.1128504,1.114005,-0.2809989
0,-0.1129062,1.11408,-0.2810495
0,-0.1128767,1.114423,-0.2810238
0,-0.1125854,1.115156,-0.2806608
0,-0.1121476,1.115867,-0.2800976
0,-0.1118662,1.117014,-0.2808091
0,-0.1121314,1.118132,-0.2825238
0,-0.112317,1.119189,-0.2830038
0,-0.1114695,1.120609,-0.2822654
0,-0.1072153,1.125823,-0.2814294
0,-0.1007576,1.12823,-0.2801003
0,-0.09494241,1.129655,-0.2782667
0,-0.08996728,1.131548,-0.2778376
0,-0.08525387,1.13379,-0.277541
0,-0.08355203,1.136287,-0.2784531
0,-0.08351673,1.136403,-0.2781612
0,-0.08420308,1.136523,-0.2784146
0,-0.08570004,1.138001,-0.2792749
0,-0.08616383,1.138384,-0.2793228
0,-0.08726089,1.138395,-0.2799158
0,-0.08766604,1.13705,-0.2796259
0,-0.08876016,1.133783,-0.2786154
0,-0.0886519,1.130736,-0.2796915
0,-0.0888868,1.127009,-0.281417
0,-0.08922517,1.122148,-0.2840859
0,-0.08967461,1.117166,-0.2848782
0,-0.0924237,1.113679,-0.2851329
0,-0.09464816,1.113102,-0.2853051
0,-0.0978115,1.112752,-0.2854578
0,-0.099447,1.113112,-0.2882983
0,-0.1000885,1.11263,-0.288072
0,-0.09795489,1.110954,-0.2866735
0,-0.09644174,1.109805,-0.2858961
0,-0.09677266,1.10966,-0.2861
0,0.09236464,1.186963,0.2563857
0,0.09159527,1.18724,0.2560062
0,0.09085468,1.187475,0.2556542
0,0.09073237,1.188199,0.2549571
0,0.09062999,1.188772,0.2546695
0,0.0920738,1.191244,0.2532334
0,0.09198747,1.191451,0.2525827
0,0.09174018,1.190298,0.2526347
0,0.09212749,1.189059,0.2532527
0,0.09294779,1.188142,0.253351
0,0.0934108,1.187425,0.2534725
0,0.09342326,1.187385,0.2532215
0,0.09290316,1.187089,0.2530143
0,0.09241125,1.186469,0.2526781
0,0.09220703,1.186481,0.2520043
0,0.09296968,1.187196,0.2501439
0,0.09518197,1.187758,0.2467682
0,0.09727851,1.188958,0.2415414
0,0.09919242,1.1906,0.2363717
0,0.09925374,1.191058,0.2317602
0,0.09922225,1.191951,0.2260476
0,0.09877138,1.195152,0.2221766
0,0.1000894,1.20138,0.2218076
0,0.1006648,1.206218,0.2294096
0,0.1006357,1.208295,0.2424863
0,0.1008525,1.209658,0.2535124
0,0.1029198,1.213927,0.2560565
0,0.1049698,1.219464,0.2503263
0,0.1065454,1.225273,0.2394487
0,0.1110858,1.226905,0.2267576
0,0.1172723,1.22595,0.2140866
0,0.123472,1.224557,0.2008037
0,0.1263551,1.227314,0.1857352
0,0.1249784,1.233869,0.1676493
0,0.1195335,1.24191,0.1477134
0,0.1098603,1.249449,0.1278852
0,0.1003881,1.260517,0.1093873
0,0.08862734,1.274685,0.09144219
0,0.07537081,1.285713,0.07387836
0,0.06512745,1.292271,0.06002229
0,0.0611797,1.297262,0.04962478
0,0.05819386,1.295814,0.04213644
0,0.05316414,1.28811,0.03444025
0,0.04489368,1.272302,0.0303294
0,0.03170401,1.241047,0.03480038
0,0.01807789,1.194483,0.04053711
1,0.01663205,1.147088,0.04577297
1,0.02180653,1.150113,0.05237297
1,0.02865256,1.160947,0.05797955
1,0.03262577,1.173604,0.06372245
1,0.04015515,1.188584,0.07479689
1,0.04948589,1.211436,0.08542982
1,0.06119674,1.235907,0.09339736
1,0.07504681,1.257449,0.1008395
1,0.08745851,1.275171,0.1136146
1,0.09484118,1.289192,0.1327908
1,0.09790177,1.292717,0.160881
1,0.09720138,1.285069,0.1909022
1,0.0974995,1.270691,0.2209957
1,0.09816363,1.236691,0.2504737
1,0.09792447,1.182418,0.2719534
2,0.1041272,1.137219,0.2800762
2,0.1060726,1.147242,0.2754215
2,0.1029918,1.17887,0.2616724
2,0.09714732,1.216259,0.2379435
2,0.08426162,1.254843,0.1995425
2,0.069698,1.28337,0.1532813
2,0.05490662,1.292394,0.1067818
2,0.03775064,1.269536,0.07485376
2,0.01990059,1.214585,0.06387737
3,0.005920878,1.148313,0.06240141
3,0.002266394,1.123032,0.06317765
3,0.0006265441,1.148792,0.07117076
3,0.004328236,1.188519,0.08446875
3,0.01090172,1.229743,0.1033267
3,0.01225679,1.27289,0.1204058
3,0.002133213,1.303669,0.1422599
3,-0.02236531,1.312358,0.1708931
3,-0.05826838,1.290897,0.196768
3,-0.09146614,1.250671,0.2300665
3,-0.1109396,1.198032,0.2575435
0,-0.1112493,1.153295,0.2703645
0,-0.1021003,1.142502,0.2740261
0,-0.09278885,1.175207,0.2718588
0,-0.07924297,1.230108,0.2553625
0,-0.05966222,1.282236,0.2243388
0,-0.03949097,1.312164,0.1804629
0,-0.02284014,1.313951,0.1376619
0,-0.01304743,1.282348,0.1019494
0,-0.009628668,1.225715,0.07390539
1,-0.005035324,1.161094,0.05691634
1,0.00218703,1.131965,0.05621691
1,0.00656853,1.158299,0.06305699
1,0.009434657,1.187339,0.07760939
1,0.01766795,1.216738,0.1047071
1,0.03134651,1.252993,0.1448645
1,0.05000469,1.265881,0.2007433
1,0.07162169,1.253965,0.2583251
1,0.08835848,1.205199,0.2964671
2,0.09340786,1.150977,0.3008119
2,0.0944514,1.144493,0.2913652
2,0.09361236,1.164591,0.2845693
2,0.08934113,1.197682,0.2715228
2,0.07622454,1.238028,0.2404541
2,0.05341128,1.262121,0.1864246
2,0.02889843,1.255951,0.1278646
2,0.01061402,1.221526,0.08398346
3,0.000324881,1.171062,0.0611154
3,-0.0006889452,1.144885,0.06092559
3,-0.003219905,1.167433,0.07346833
3,-0.01337889,1.213641,0.09493248
3,-0.0321474,1.256424,0.1205004
3,-0.05441241,1.279563,0.1604325
3,-0.07283035,1.267479,0.2140648
3,-0.08656724,1.225281,0.2539741
3,-0.09492879,1.171296,0.2646841
0,-0.09404459,1.152192,0.2617254
0,-0.09282479,1.165811,0.2539473
0,-0.09070823,1.191426,0.2458079
0,-0.08658187,1.225008,0.2285059
0,-0.07498554,1.258464,0.1956449
0,-0.0552014,1.269536,0.15704
0,-0.04091989,1.249819,0.107786
0,-0.03297066,1.197471,0.07032155
1,-0.02956764,1.157971,0.04840976
1,-0.02529608,1.144054,0.04455381
1,-0.02139472,1.162581,0.0597936
1,-0.01668609,1.19668,0.08335634
1,-0.01034852,1.226246,0.118364
1,-0.0009347294,1.242728,0.1696985
1,0.01167407,1.234527,0.2239964
1,0.03392158,1.196443,0.2685005
2,0.05533366,1.155678,0.2898644
2,0.06002663,1.152176,0.2808579
2,0.05850382,1.167906,0.2696064
2,0.05112625,1.191258,0.2511674
2,0.03829049,1.211693,0.2221903
2,0.02139001,1.234674,0.1765866
2,0.001913032,1.227822,0.1260157
2,-0.0108768,1.196729,0.09071789
3,-0.01751559,1.156642,0.08068594
3,-0.01938223,1.138537,0.09087624
3,-0.02534778,1.164802,0.1100693
3,-0.0358843,1.194192,0.130179
3,-0.05149609,1.218264,0.1569446
3,-0.07258896,1.227486,0.1882317
3,-0.09688388,1.220013,0.2177301
3,-0.1149818,1.194006,0.2462807
0,-0.1206862,1.162137,0.2651789
0,-0.1170297,1.146896,0.2676618
0,-0.1098066,1.158788,0.2584819
0,-0.09657934,1.179447,0.2427908
0,-0.0790737,1.204212,0.2176134
0,-0.0621751,1.219972,0.1833421
0,-0.04718732,1.220192,0.1473667
0,-0.03259572,1.207916,0.1175261
0,-0.02519065,1.185484,0.09495836
1,-0.022715,1.163904,0.0830415
1,-0.02138489,1.159351,0.0902683
1,-0.01699427,1.179734,0.1137853
1,-0.008481362,1.20747,0.1475178
1,0.006937659,1.22069,0.1936181
1,0.02455123,1.216146,0.2390998
2,0.04170283,1.194368,0.2779412
2,0.05874917,1.162259,0.3025874
2,0.06936033,1.146882,0.3047544
2,0.06962056,1.155747,0.2930035
2,0.06253067,1.178591,0.2726221
2,0.04628709,1.206664,0.2404347
2,0.02398346,1.225788,0.1959179
2,0.003438205,1.226272,0.1486591
2,-0.009356308,1.204624,0.1143334
3,-0.01798233,1.174439,0.09639245
3,-0.02537586,1.156426,0.09029476
3,-0.03243444,1.164178,0.09854791
3,-0.04140567,1.192586,0.1286972
3,-0.05344238,1.215865,0.1718226
3,-0.06794237,1.225154,0.2177817
3,-0.08251069,1.210602,0.2546228
3,-0.0953735,1.180072,0.2688421
0,-0.1044945,1.155184,0.2606161
0,-0.1056773,1.159752,0.2523777
0,-0.1031936,1.177993,0.2411501
0,-0.09339423,1.208396,0.2191192
0,-0.07610119,1.232456,0.1874581
0,-0.05467767,1.23819,0.1520591
0,-0.03750328,1.217999,0.117512
1,-0.02825053,1.182984,0.09034578
1,-0.0236487,1.150455,0.07385102
1,-0.02012524,1.15164,0.08267233
1,-0.01453112,1.177697,0.1132527
1,-0.003888226,1.20152,0.158132
1,0.01254066,1.213161,0.215357
1,0.03104435,1.200353,0.2676223
2,0.04746458,1.165463,0.3032044
2,0.06133126,1.134724,0.3117722
2,0.0621313,1.138844,0.3001294
2,0.05547679,1.15944,0.2805984
2,0.04235158,1.192461,0.2474748
2,0.02706796,1.220368,0.2029655
2,0.01153281,1.229193,0.1549729
2,-0.0007085223,1.217316,0.112591
3,-0.00815103,1.190677,0.08465615
3,-0.01448463,1.169663,0.06858511
3,-0.0204237,1.173016,0.07767075
3,-0.03006181,1.204838,0.1005459
3,-0.0454261,1.238957,0.1347671
3,-0.06519874,1.253697,0.179489
3,-0.08771081,1.242971,0.2251311
3,-0.1073599,1.210754,0.2569315
0,-0.1112404,1.171185,0.2794964
0,-0.1068039,1.151401,0.2755481
0,-0.09792861,1.166441,0.2594457
0,-0.08177145,1.197999,0.2295904
0,-0.05596747,1.226914,0.1893047
0,-0.02888347,1.237513,0.147861
0,-0.01131933,1.221235,0.1111469
1,-0.002708853,1.190865,0.08700383
1,-0.001634051,1.165073,0.07142033
1,-0.0005969381,1.168242,0.07355759
1,0.004054473,1.20288,0.1030199
1,0.01455637,1.233434,0.1468328
1,0.031839,1.240824,0.2062661
1,0.05061848,1.218841,0.2631712
2,0.0713207,1.174711,0.3043787
2,0.08296614,1.141703,0.3126179
2,0.08199666,1.155094,0.2986852
2,0.07611967,1.1867,0.2769147
2,0.06271,1.223102,0.2345479
2,0.04728553,1.242254,0.1847549
2,0.02975639,1.23792,0.137373
2,0.00976131,1.206754,0.09661803
3,-0.003344554,1.160573,0.07301831
3,-0.008056675,1.15103,0.06957202
3,-0.01494789,1.188452,0.1004307
3,-0.02980797,1.232194,0.1346649
3,-0.05288227,1.252598,0.1741036
3,-0.0799821,1.248257,0.2090941
3,-0.1013497,1.213194,0.2356313
0,-0.1142236,1.1667,0.2422338
0,-0.1087835,1.149042,0.2444238
0,-0.09948926,1.165396,0.2359647
0,-0.08417162,1.202008,0.2190261
0,-0.06358878,1.241572,0.1964787
0,-0.04375367,1.261477,0.1631849
0,-0.02775019,1.253361,0.1243398
0,-0.01700213,1.211405,0.08490409
1,-0.006754909,1.163707,0.06051011
1,0.002472893,1.150587,0.06561033
1,0.005894657,1.186033,0.09231085
1,0.009788751,1.230647,0.121241
1,0.01874904,1.259465,0.1617077
1,0.03313,1.260464,0.2102207
1,0.04706408,1.225573,0.2506192
2,0.06423858,1.169398,0.2788604
2,0.07873064,1.139294,0.2878253
2,0.07570878,1.160471,0.2752113
2,0.06289976,1.200847,0.2495008
2,0.04249784,1.238785,0.205839
2,0.02219354,1.251228,0.1568238
2,0.006594982,1.235515,0.1222281
3,-0.005983783,1.19161,0.0983743
3,-0.0137469,1.146971,0.0755433
3,-0.0177363,1.154322,0.07703847
3,-0.02577325,1.202021,0.1035151
3,-0.03792348,1.244449,0.1348902
3,-0.05587154,1.259658,0.1751089
3,-0.07481765,1.24596,0.2172008
3,-0.09510092,1.207936,0.2473117
0,-0.1045002,1.162741,0.2634328
0,-0.1017538,1.155504,0.2636348
0,-0.09532035,1.183969,0.2470866
0,-0.08135523,1.216957,0.2165913
0,-0.06158432,1.236323,0.1780775
0,-0.04113932,1.235271,0.1371472
0,-0.02374414,1.216562,0.09541468
1,-0.0150401,1.179765,0.06418259
1,-0.01271223,1.151821,0.04939113
1,-0.01064929,1.166427,0.06732465
1,-0.006995845,1.207421,0.1024392
1,-0.001340642,1.236922,0.1482436
1,0.008921194,1.247019,0.2062465
1,0.02430588,1.233418,0.2623131
1,0.04466825,1.184629,0.2984633
2,0.06509972,1.139465,0.310991
2,0.0726499,1.128002,0.306072
2,0.06431512,1.153143,0.2939181
2,0.04799036,1.195513,0.2690206
2,0.02749093,1.229091,0.223881
2,0.007406455,1.237303,0.1718756
2,-0.008184089,1.212817,0.1230378
3,-0.01846623,1.162114,0.09158321
3,-0.0236715,1.134319,0.08153204
3,-0.02949124,1.153159,0.1014298
3,-0.04170655,1.189565,0.1357596
3,-0.05928717,1.216009,0.1747761
3,-0.08042441,1.219445,0.2190272
3,-0.1026356,1.199429,0.2534763
3,-0.1164709,1.168978,0.2690245
0,-0.118429,1.139625,0.2737423
0,-0.1131072,1.139134,0.266068
0,-0.1037486,1.166377,0.2501429
0,-0.08578333,1.200599,0.2240933
0,-0.06284003,1.225922,0.1819704
0,-0.04034336,1.224605,0.1356179
0,-0.02641325,1.197989,0.09451567
1,-0.01824458,1.16345,0.07016472
1,-0.01165304,1.145762,0.07355942
1,-0.005702491,1.163391,0.1039066
1,0.004448992,1.189256,0.1533519
1,0.02372179,1.193686,0.2154975
1,0.04622193,1.17617,0.2691163
1,0.06592757,1.150801,0.3038442
2,0.07666105,1.135494,0.3107604
2,0.06932332,1.150949,0.2962396
2,0.05166986,1.181693,0.2604755
2,0.03074699,1.200236,0.2099928
2,0.01170181,1.195812,0.1559136
2,-0.002719491,1.173462,0.1059592
3,-0.01098932,1.142602,0.07579068
3,-0.01738237,1.128161,0.06944054
3,-0.02849669,1.150808,0.09646691
3,-0.04907379,1.183275,0.1349849
3,-0.07379588,1.197452,0.1838866
3,-0.09633051,1.193239,0.2343498
3,-0.1083135,1.164878,0.2733094
0,-0.1064662,1.134475,0.2891369
0,-0.09856132,1.129137,0.2843586
0,-0.09230659,1.15147,0.2679931
0,-0.0819431,1.186337,0.2390097
0,-0.06569591,1.212284,0.2018805
0,-0.04937118,1.225286,0.1616113
0,-0.03456394,1.223301,0.1250378
0,-0.0247157,1.197845,0.09721956
1,-0.02126589,1.15735,0.07516273
1,-0.0191151,1.140626,0.07849799
1,-0.01648873,1.161749,0.1056514
1,-0.009603617,1.195772,0.1428628
1,0.004501665,1.21643,0.1856169
1,0.02372506,1.215089,0.2299888
1,0.04451593,1.190736,0.2698505
2,0.06631292,1.154013,0.2970351
2,0.08073884,1.125576,0.3077085
2,0.08140004,1.133141,0.3012156
2,0.07000393,1.161511,0.2823988
2,0.05222835,1.199481,0.2466896
2,0.03301141,1.226573,0.2012571
2,0.01453479,1.234246,0.1533327
2,-0.000890012,1.219215,0.1128263
2,-0.006635719,1.185656,0.08602735
3,-0.01103681,1.149798,0.07214984
3,-0.01384556,1.143764,0.08016364
3,-0.02263636,1.175886,0.09839543
3,-0.03789587,1.208661,0.1239908
3,-0.05771116,1.223089,0.1592249
3,-0.08047229,1.219165,0.2010851
3,-0.1009401,1.200025,0.2404715
3,-0.1108426,1.167575,0.268984
0,-0.1100064,1.138909,0.2799657
0,-0.1068745,1.13138,0.2698676
0,-0.1002242,1.153761,0.2553931
0,-0.09032407,1.185366,0.2313546
0,-0.07653928,1.211951,0.1985382
0,-0.06126284,1.224587,0.1633635
0,-0.04418558,1.218412,0.1280083
0,-0.03201749,1.188649,0.09904043
1,-0.02433344,1.155115,0.0812405
1,-0.02023257,1.143308,0.08094014
1,-0.01597599,1.158018,0.0978673
1,-0.008621381,1.185638,0.1268384
1,0.003003587,1.199785,0.1659603
1,0.02049902,1.194104,0.2176857
1,0.04045512,1.172887,0.2662011
2,0.05971516,1.14007,0.2990471
2,0.07300765,1.119343,0.3078834
2,0.06596939,1.138979,0.2905011
2,0.05074807,1.172231,0.2600619
2,0.03588687,1.206531,0.2180228
2,0.01811733,1.219206,0.1695767
2,0.003201767,1.21332,0.1289051
2,-0.00989855,1.186573,0.09716582
3,-0.01825397,1.151075,0.08256844
3,-0.02239859,1.131365,0.08462765
3,-0.02883446,1.15748,0.09773376
3,-0.04005522,1.197546,0.1199046
3,-0.05500674,1.225846,0.1516465
3,-0.07343922,1.23406,0.1887983
3,-0.09083007,1.222978,0.2270379
3,-0.09987263,1.190848,0.256703
0,-0.1038735,1.149066,0.2649519
0,-0.09892099,1.128137,0.2616372
0,-0.09286195,1.140137,0.2551628
0,-0.08252752,1.163549,0.2443208
0,-0.06942561,1.195534,0.2272401
0,-0.05562627,1.223448,0.1982327
0,-0.0418351,1.234378,0.1642094
0,-0.0306909,1.22437,0.1295803
0,-0.02422827,1.197052,0.1003506
1,-0.02085242,1.160306,0.08113096
1,-0.01716099,1.133022,0.08080889
1,-0.01269905,1.144653,0.09831858
1,-0.008255435,1.170532,0.1256749
1,-0.00029925,1.186696,0.1671763
1,0.01161541,1.192719,0.21638
1,0.02994266,1.183995,0.2656312
2,0.05337921,1.149324,0.3022835
2,0.06863225,1.107456,0.3081619
2,0.06789213,1.102423,0.2966235
2,0.06015968,1.128788,0.284586
2,0.04527007,1.172278,0.2637783
2,0.02783084,1.212256,0.2300801
2,0.007803164,1.231249,0.1837334
2,-0.00791267,1.223998,0.1365465
2,-0.01821178,1.18995,0.1012153
3,-0.0231468,1.14635,0.07906331
3,-0.02501717,1.128829,0.07266864
3,-0.03023414,1.164335,0.0905549
3,-0.04166421,1.21531,0.1186176
3,-0.05868841,1.242669,0.156668
3,-0.0813514,1.243359,0.1934204
3,-0.102491,1.221267,0.230831
3,-0.1169017,1.180712,0.2564552
0,-0.1215652,1.138896,0.2648068
0,-0.1182489,1.121135,0.2675932
0,-0.1142887,1.14258,0.2618958
0,-0.106287,1.181186,0.2507101
0,-0.09089455,1.219319,0.2248322
0,-0.06919827,1.235156,0.1902515
0,-0.0537291,1.225979,0.1553265
0,-0.0432693,1.189154,0.1158914
1,-0.03426496,1.142395,0.08923733
1,-0.02499854,1.115395,0.08158565
1,-0.01605602,1.133237,0.1107739
1,-0.01167839,1.176027,0.1417643
1,-0.004876388,1.204963,0.1800935
1,0.007191556,1.20865,0.2277134
1,0.02378542,1.186056,0.2723143
2,0.04529763,1.146492,0.3049205
2,0.06351507,1.114007,0.315681
2,0.06850415,1.115686,0.3129492
2,0.06221894,1.149039,0.3074211
2,0.04891165,1.193447,0.2875685
2,0.03260128,1.228387,0.2475653
2,0.01852095,1.24265,0.1955096
2,0.008521831,1.229297,0.1452228
2,-1.174739E-05,1.200248,0.1126534
3,-0.009066778,1.156279,0.09283176
3,-0.01397203,1.128972,0.09351579
3,-0.02377269,1.150409,0.1182047
3,-0.04127982,1.196635,0.1484754
3,-0.06038859,1.22676,0.1903202
3,-0.07862929,1.226271,0.2367669
3,-0.09424065,1.200924,0.2716984
3,-0.104777,1.162057,0.2885935
0,-0.1083011,1.130624,0.291991
0,-0.1096172,1.130199,0.2849934
0,-0.1084729,1.161985,0.2688905
0,-0.09866607,1.207384,0.2412547
0,-0.08091272,1.241856,0.2022925
0,-0.06234265,1.251781,0.1591999
0,-0.04537843,1.232738,0.1184204
0,-0.03232586,1.184035,0.0904367
1,-0.02309396,1.128949,0.07367282
1,-0.01762947,1.11901,0.07855069
1,-0.01744492,1.161534,0.1054879
1,-0.01303014,1.204284,0.1454779
1,-0.0009814817,1.217818,0.201625
1,0.01528162,1.207027,0.2583496
1,0.03742409,1.168431,0.3021486
2,0.06338528,1.120783,0.3246641
2,0.07272091,1.100071,0.3203149
2,0.0668674,1.123359,0.3109783
2,0.05220171,1.168382,0.2908723
2,0.03168266,1.212975,0.2490785
2,0.01399881,1.234582,0.1941292
2,-0.0006322908,1.226055,0.1426521
2,-0.01123633,1.192186,0.1061865
3,-0.01747157,1.140115,0.08328987
3,-0.01989946,1.116552,0.0781245
3,-0.02510182,1.155835,0.09882639
3,-0.03382414,1.208265,0.1310276
3,-0.04825223,1.24144,0.1683354
3,-0.06925243,1.247892,0.2122744
3,-0.09064347,1.220434,0.258069
3,-0.1055098,1.161532,0.2875996
0,-0.1024676,1.119838,0.2970952
0,-0.0995867,1.132849,0.292577
0,-0.09621018,1.173834,0.2778735
0,-0.08715794,1.218388,0.2481832
0,-0.07107519,1.246826,0.2023059
0,-0.05229536,1.248433,0.1564846
0,-0.03444394,1.222654,0.1185256
1,-0.02280907,1.173789,0.08980458
1,-0.01734179,1.130634,0.0701646
1,-0.01391179,1.132341,0.06947172
1,-0.009863727,1.173546,0.09698034
1,-0.0002357339,1.212849,0.1387524
1,0.01441995,1.225261,0.1912888
1,0.03247279,1.21039,0.2460722
1,0.05279949,1.167771,0.2893736
2,0.06991019,1.122327,0.3121127
2,0.07515471,1.109294,0.3104241
2,0.0675046,1.138937,0.2979629
2,0.05301465,1.182491,0.2696393
2,0.03657427,1.219879,0.2229697
2,0.020643,1.234969,0.168386
2,0.008876462,1.223973,0.1235408
2,-0.0002846875,1.184288,0.1036306
3,-0.008146922,1.135008,0.09396358
3,-0.01528984,1.122406,0.09238445
3,-0.02522093,1.158062,0.1084056
3,-0.03711823,1.200327,0.136161
3,-0.05464314,1.231176,0.1684346
3,-0.07700821,1.241531,0.2101859
3,-0.0975836,1.226333,0.2497284
3,-0.111361,1.18143,0.2790222
0,-0.1162543,1.141111,0.2839836
0,-0.1155869,1.138169,0.2795292
0,-0.1137392,1.160808,0.2676272
0,-0.1062112,1.199899,0.2465685
0,-0.09040775,1.237999,0.2101987
0,-0.06788065,1.253995,0.1635753
0,-0.04366018,1.240277,0.1224133
0,-0.02852146,1.197868,0.09067624
1,-0.01966629,1.145503,0.07065849
1,-0.01283321,1.127533,0.08065848
1,-0.01071982,1.158882,0.09484393
1,-0.008164169,1.206907,0.1197091
1,-0.001093267,1.242462,0.1525623
1,0.01104775,1.244608,0.2059676
1,0.02930364,1.207188,0.2621678
2,0.05261148,1.15077,0.2988856
2,0.07272257,1.109825,0.3135178
2,0.08009939,1.115756,0.3111894
2,0.0706491,1.151463,0.2944902
2,0.05203396,1.192855,0.2596966
2,0.03243455,1.22719,0.2105632
2,0.01712508,1.238243,0.159229
2,0.003734782,1.22138,0.1170456
2,-0.008801905,1.176922,0.09064037
3,-0.01717944,1.129744,0.0803665
3,-0.02203054,1.135545,0.09191263
3,-0.03480508,1.194592,0.1133472
3,-0.05195116,1.242865,0.141396
3,-0.07254624,1.257101,0.1833486
3,-0.09370906,1.240089,0.2331521
3,-0.1080765,1.198813,0.2709076
0,-0.1106702,1.151775,0.2939867
0,-0.1063149,1.119827,0.2951577
0,-0.1027818,1.135237,0.288225
0,-0.09752192,1.17189,0.2727033
0,-0.08624072,1.21648,0.2444096
0,-0.07165007,1.24714,0.2041448
0,-0.05346711,1.256667,0.1649831
0,-0.0332347,1.237677,0.1280529
0,-0.01764613,1.191829,0.09555999
1,-0.01214739,1.148294,0.07489239
1,-0.0105141,1.137434,0.07544008
1,-0.01079203,1.175129,0.1000555
1,-0.007104207,1.213206,0.1384958
1,0.001937597,1.229867,0.1958783
1,0.01692799,1.221596,0.254563
1,0.03703945,1.187444,0.3024251
2,0.05323758,1.139482,0.3226328
2,0.06206756,1.110443,0.3239076
2,0.06070467,1.126549,0.3171131
2,0.04993866,1.171512,0.299207
2,0.03461027,1.224097,0.2618042
2,0.01616519,1.254208,0.2078594
2,-0.001531353,1.25328,0.1513323
2,-0.01382045,1.223617,0.1106035
3,-0.02300593,1.175454,0.08685435
3,-0.03091592,1.135011,0.07487379
3,-0.03970979,1.147216,0.08120377
3,-0.04992403,1.194719,0.1073213
3,-0.06247555,1.235738,0.1395536
3,-0.07826751,1.258346,0.1817012
3,-0.09723689,1.244777,0.234221
3,-0.1107358,1.198028,0.2795588
0,-0.1115048,1.146286,0.2989094
0,-0.1064274,1.125711,0.2998211
0,-0.1062942,1.150206,0.2857188
0,-0.1031636,1.190915,0.2609644
0,-0.09400778,1.231152,0.2264678
0,-0.08182947,1.254914,0.1868023
0,-0.06569824,1.255901,0.1482464
0,-0.04991093,1.229768,0.1144942
0,-0.0359694,1.185588,0.09303226
1,-0.02760839,1.146945,0.07703587
1,-0.02694706,1.1499,0.0766084
1,-0.02775972,1.194837,0.09780315
1,-0.02151518,1.235386,0.1340518
1,-0.003851554,1.251945,0.1895453
1,0.0182083,1.230325,0.2478279
1,0.04117994,1.188164,0.2922083
2,0.058504,1.133217,0.3134882
2,0.06492859,1.117731,0.3121316
2,0.0568867,1.153705,0.2966561
2,0.04291788,1.207679,0.2694148
2,0.02693752,1.253698,0.2247135
2,0.009819632,1.263868,0.1704746
2,-0.001531849,1.248215,0.1233624
2,-0.0100929,1.207083,0.09575283
3,-0.01555101,1.15647,0.07825701
3,-0.01836184,1.147479,0.07183966
3,-0.02519739,1.197483,0.08191503
3,-0.03499943,1.250544,0.1029024
3,-0.05090836,1.278037,0.1389747
3,-0.07670492,1.269799,0.1865521
3,-0.1007723,1.23327,0.2407389
3,-0.1187221,1.181873,0.27432
0,-0.1225807,1.144286,0.2883932
0,-0.1201535,1.139829,0.2829527
0,-0.1125742,1.166125,0.2669063
0,-0.09619588,1.2087,0.2393319
0,-0.07119258,1.245763,0.2040565
0,-0.04272067,1.26587,0.1640805
0,-0.01871485,1.260077,0.1261158
0,-0.009157587,1.223063,0.09342065
1,-0.009581401,1.163297,0.07209949
1,-0.005743982,1.132099,0.06681059
1,-0.0007295382,1.172958,0.08930213
1,0.003933394,1.219927,0.1181483
1,0.01069429,1.243069,0.1568017
1,0.0229112,1.236372,0.2127853
1,0.0402017,1.20088,0.2676699
2,0.06059686,1.149894,0.3040448
2,0.070733,1.122813,0.3092148
2,0.07021425,1.139977,0.3018638
2,0.0612944,1.181455,0.2824468
2,0.04675038,1.226562,0.2462137
2,0.02896591,1.249788,0.1942634
2,0.01224636,1.247563,0.1427126
2,-0.003114719,1.210935,0.1095464
3,-0.01591635,1.160181,0.08779383
3,-0.02221786,1.139236,0.07911097
3,-0.02824131,1.171177,0.09655441
3,-0.03812589,1.217242,0.1264369
3,-0.05436075,1.251685,0.1565486
3,-0.07495969,1.259492,0.1971999
3,-0.09265751,1.22783,0.2500073
3,-0.1004258,1.17522,0.2846304
0,-0.09919973,1.138154,0.2884147
0,-0.09503884,1.144852,0.2805336
0,-0.09109153,1.170942,0.2619498
0,-0.08209708,1.204448,0.2311868
0,-0.06711231,1.225693,0.1928038
0,-0.04779556,1.226065,0.1582431
0,-0.02934004,1.207631,0.127436
0,-0.01718319,1.172602,0.102399
1,-0.01402074,1.141324,0.08403973
1,-0.01638792,1.135099,0.08393661
1,-0.01935967,1.162637,0.1027433
1,-0.01794404,1.202387,0.1348256
1,-0.007158633,1.228842,0.1834558
1,0.008059036,1.22118,0.2381262
1,0.02646969,1.183366,0.2864687
2,0.05093,1.129348,0.3162091
2,0.06714532,1.096026,0.3206215
2,0.06310863,1.115211,0.3093869
2,0.04970491,1.155258,0.2862037
2,0.03512264,1.19828,0.2462146
2,0.02068524,1.226819,0.1942155
2,0.01384053,1.235547,0.1466262
2,0.005202861,1.208862,0.1101772
3,-0.00376948,1.157272,0.08442312
3,-0.006785151,1.127388,0.07678443
3,-0.0120778,1.158982,0.09253783
3,-0.02237937,1.212563,0.1163088
3,-0.0360122,1.250901,0.1491586
3,-0.05673562,1.258686,0.1914717
3,-0.08153372,1.237344,0.2331596
3,-0.1036419,1.187285,0.267004
0,-0.1144767,1.137095,0.2793729
0,-0.1130532,1.124695,0.281244
0,-0.1104928,1.151533,0.2682862
0,-0.1021196,1.190949,0.2414395
0,-0.08205064,1.226123,0.1972985
0,-0.05350886,1.23735,0.1518911
0,-0.03049712,1.215496,0.1104834
1,-0.01771265,1.176107,0.07971049
1,-0.01256866,1.143824,0.06295187
1,-0.005584846,1.155993,0.07116796
1,0.001265579,1.201719,0.102569
1,0.009209531,1.237638,0.1420363
1,0.01970338,1.245857,0.195111
1,0.03304113,1.222437,0.2485916
2,0.04786721,1.170976,0.2899213
2,0.06302884,1.121647,0.3111953
2,0.06863103,1.116804,0.3111025
2,0.06288075,1.15445,0.2992605
2,0.05188313,1.203627,0.2720962
2,0.03736332,1.24065,0.2239254
2,0.0233855,1.248552,0.170224
2,0.01026515,1.228826,0.1248033
3,-0.001260239,1.1859,0.09461349
3,-0.01278508,1.148544,0.07354406
3,-0.02326536,1.157974,0.07266481
3,-0.03175565,1.209513,0.09710879
3,-0.04209735,1.257447,0.1244735
3,-0.05870743,1.273678,0.1626536
3,-0.07904691,1.254136,0.210973
3,-0.09775476,1.203693,0.2550661
0,-0.1059292,1.152172,0.2766685
0,-0.1008959,1.146558,0.2801224
0,-0.09681044,1.178609,0.2631281
0,-0.08593158,1.217439,0.2366603
0,-0.06884254,1.246583,0.2012841
0,-0.05150882,1.253171,0.1665338
0,-0.03556614,1.234825,0.136296
0,-0.02259083,1.199,0.1110074
1,-0.01399051,1.15232,0.09588753
1,-0.009611201,1.133293,0.09051345
1,-0.0102247,1.166893,0.1002161
1,-0.007838602,1.214123,0.1234897
1,-0.001690938,1.246127,0.1595789
1,0.009254948,1.245532,0.2149165
1,0.02575735,1.210043,0.2737268
2,0.04189584,1.154472,0.3129837
2,0.05328718,1.12272,0.3233647
2,0.0475074,1.140312,0.3152442
2,0.03571978,1.179861,0.2912414
2,0.02200785,1.218177,0.2489314
2,0.008368126,1.240323,0.1971843
2,-0.003025392,1.239815,0.1475957
2,-0.01302753,1.215444,0.1071845
3,-0.02324726,1.173536,0.07843915
3,-0.03023196,1.139816,0.06744426
3,-0.03160353,1.164482,0.08233824
3,-0.03536627,1.220999,0.1063831
3,-0.04365049,1.267099,0.1339552
3,-0.05865613,1.27833,0.1760367
3,-0.07657917,1.254141,0.2264995
3,-0.08938293,1.20695,0.2669558
0,-0.09650277,1.158162,0.282595
0,-0.09232099,1.14704,0.2826662
0,-0.08573313,1.17237,0.2705414
0,-0.07436778,1.21103,0.2474193
0,-0.05669736,1.24093,0.2166452
0,-0.03819337,1.252173,0.1812617
0,-0.02415558,1.241249,0.1470993
0,-0.02052781,1.20652,0.1129249
1,-0.02105376,1.154768,0.08628359
1,-0.02002147,1.124476,0.07914967
1,-0.01841207,1.151865,0.0966326
1,-0.01523429,1.200164,0.1256505
1,-0.007469748,1.223705,0.1721886
1,0.00130805,1.210363,0.2258021
1,0.01275223,1.175603,0.2746034
2,0.03123697,1.12742,0.3105435
2,0.05037997,1.092343,0.3155968
2,0.05143542,1.106473,0.3088152
2,0.04216554,1.145979,0.2910998
2,0.03176805,1.195611,0.262603
2,0.01785124,1.231287,0.2174651
2,0.00690332,1.244621,0.1675969
2,-0.004129739,1.22502,0.1266372
3,-0.01728047,1.17657,0.09508358
3,-0.02871695,1.131316,0.07434842
3,-0.03751571,1.144717,0.07774966
3,-0.04682438,1.19797,0.1011915
3,-0.05417403,1.245253,0.133623
3,-0.06510796,1.263617,0.1777727
3,-0.08004709,1.25118,0.229602
3,-0.09885585,1.205397,0.272364
0,-0.1103039,1.153032,0.2887622
0,-0.1093968,1.136606,0.2857071
0,-0.1043113,1.159124,0.2735322
0,-0.09375957,1.197248,0.2505568
0,-0.07887094,1.233427,0.2135159
0,-0.06027909,1.250089,0.1693437
0,-0.0423735,1.237458,0.1285496
0,-0.03242577,1.19638,0.09915695
1,-0.0294846,1.149415,0.08013397
1,-0.02640692,1.151841,0.08160103
1,-0.02267581,1.199298,0.1054796
1,-0.01403296,1.249197,0.1395426
1,-0.007262609,1.26306,0.1828232
1,0.001982342,1.238917,0.239411
1,0.02037148,1.181409,0.2945952
2,0.04892049,1.125802,0.3285439
2,0.06787604,1.106711,0.3354935
2,0.06480514,1.135758,0.3256327
2,0.05084321,1.185554,0.3020972
2,0.03725278,1.234317,0.2596703
2,0.02418943,1.257312,0.2072074
2,0.01219704,1.25449,0.160661
2,0.001109901,1.227441,0.127212
3,-0.01464374,1.172544,0.09894089
3,-0.02561588,1.123687,0.08010831
3,-0.02915243,1.144379,0.09085399
3,-0.03362675,1.200863,0.1154101
3,-0.04132702,1.246919,0.1435743
3,-0.05703824,1.262393,0.181677
3,-0.07643913,1.245896,0.2321801
3,-0.09214972,1.200468,0.2782238
0,-0.09759231,1.150156,0.2968631
0,-0.09293813,1.138837,0.2946755
0,-0.08929988,1.164372,0.2791149
0,-0.08079428,1.200229,0.2559461
0,-0.06561434,1.227565,0.2185616
0,-0.04749106,1.239108,0.1758405
0,-0.03042558,1.231704,0.1347309
0,-0.02021543,1.204463,0.09880627
1,-0.01660492,1.161407,0.07284014
1,-0.01495899,1.137774,0.06066075
1,-0.01404654,1.160291,0.06718417
1,-0.009732203,1.197127,0.09447627
1,0.002476591,1.215345,0.1459189
1,0.02343467,1.204143,0.2160534
2,0.04565879,1.174641,0.2741004
2,0.06757243,1.127826,0.316858
2,0.0708195,1.113349,0.313244
2,0.06406149,1.130383,0.2997723
2,0.05300205,1.167174,0.2732916
2,0.03986307,1.201953,0.2317813
2,0.02593892,1.221177,0.1817978
2,0.01179869,1.220509,0.1335924
2,-0.002398634,1.193256,0.09621339
3,-0.01434139,1.151509,0.07299944
3,-0.02008441,1.139054,0.06721365
3,-0.02452022,1.171229,0.08002056
3,-0.02958633,1.216352,0.1053654
3,-0.03869883,1.242807,0.1431444
3,-0.05626308,1.238131,0.1894408
3,-0.07836435,1.208636,0.2322702
3,-0.09341668,1.163719,0.2623814
0,-0.09481612,1.129835,0.2692794
0,-0.09044912,1.140161,0.2597365
0,-0.08306234,1.172368,0.2367027
0,-0.07001976,1.207267,0.2036875
0,-0.05343578,1.230126,0.1659832
0,-0.03887916,1.230807,0.1270463
0,-0.02551661,1.212511,0.09865005
1,-0.01832723,1.167488,0.08011822
1,-0.0135571,1.132402,0.06642856
1,-0.009370091,1.146598,0.07373254
1,-0.005246538,1.183586,0.0974178
1,0.0006527459,1.210615,0.1318154
1,0.007198614,1.21086,0.1812351
1,0.01764835,1.192581,0.2383286
2,0.03449095,1.154025,0.2853865
2,0.04613383,1.118975,0.3004857
2,0.04482869,1.127227,0.2899074
2,0.03474488,1.154591,0.2664936
2,0.02354375,1.189861,0.2314226
2,0.0119932,1.212703,0.1868698
2,-0.0008754491,1.215319,0.1398798
2,-0.01303322,1.190889,0.1055433
3,-0.0211467,1.144222,0.08910402
3,-0.02409352,1.128108,0.07910202
3,-0.02657674,1.160212,0.08014067
3,-0.0308046,1.198149,0.09496248
3,-0.04301225,1.216868,0.124614
3,-0.06179227,1.216772,0.1665062
3,-0.08480096,1.204522,0.209044
0,-0.103979,1.169517,0.2504969
0,-0.1087868,1.132607,0.2717086
0,-0.1050749,1.125828,0.2689483
0,-0.09933154,1.147941,0.2530945
0,-0.08942752,1.17692,0.2251086
0,-0.07111032,1.199844,0.1920295
0,-0.04966394,1.205097,0.1615572
0,-0.03387524,1.196973,0.1300724
1,-0.02723246,1.17082,0.1029829
1,-0.02523701,1.140747,0.08161653
1,-0.02376573,1.136039,0.07794172
1,-0.0232557,1.165083,0.09404506
1,-0.02060636,1.199586,0.1232813
1,-0.01788655,1.21894,0.1599912
1,-0.01047456,1.213393,0.209019
1,0.004042538,1.177832,0.2597803
2,0.02593726,1.135012,0.2991051
2,0.04118152,1.109853,0.3081173
2,0.03617558,1.129394,0.2944548
2,0.02760162,1.160097,0.2721132
2,0.01752829,1.193478,0.2384906
2,0.006077982,1.214087,0.1948808
2,-0.005898679,1.212109,0.1511196
3,-0.01797216,1.182256,0.1142241
3,-0.02504976,1.148278,0.08868504
3,-0.02737154,1.146936,0.07999475
3,-0.02651109,1.180633,0.08597877
3,-0.02892138,1.210197,0.1044328
3,-0.0365337,1.227581,0.1363189
3,-0.05253189,1.230051,0.1765222
3,-0.06888259,1.219414,0.2199818
3,-0.08335786,1.185086,0.26248
0,-0.09130283,1.143785,0.2858842
0,-0.08971742,1.128505,0.2880409
0,-0.08586791,1.145601,0.2755086
0,-0.07846906,1.172815,0.2507729
0,-0.06226446,1.199961,0.2170704
0,-0.04450223,1.211774,0.1808545
0,-0.02943606,1.208577,0.1444444
0,-0.02052374,1.187374,0.1095617
1,-0.01563647,1.149598,0.08554335
1,-0.01289275,1.136074,0.07205136
1,-0.01201272,1.160644,0.07938662
1,-0.01167566,1.196206,0.1039731
1,-0.009187633,1.219264,0.1410275
1,-0.002773703,1.218172,0.1907198
1,0.008497147,1.195654,0.2430692
2,0.02748171,1.152085,0.2840689
2,0.04293834,1.113923,0.3007329
2,0.03964888,1.115746,0.2926479
2,0.03208743,1.143133,0.2775777
2,0.02067211,1.181061,0.2489117
2,0.01142904,1.214229,0.209808
2,0.006179164,1.22923,0.1679922
2,0.003297454,1.22472,0.1301645
2,-0.002171737,1.194567,0.1004641
3,-0.01002895,1.157718,0.07555648
3,-0.01538061,1.154587,0.06382489
3,-0.01986124,1.19314,0.07051294
3,-0.02693572,1.237743,0.08799272
3,-0.0390587,1.262534,0.1219963
3,-0.05900275,1.256616,0.1669246
3,-0.08340934,1.23128,0.2123946
3,-0.1066362,1.189099,0.2509758
0,-0.1098026,1.149238,0.2796617
0,-0.1008503,1.145523,0.2780218
0,-0.09280954,1.16915,0.2474345
0,-0.07511891,1.196978,0.20675
0,-0.05777309,1.209366,0.1621232
0,-0.04109584,1.20947,0.1234518
0,-0.02868085,1.189978,0.09415232
1,-0.02219242,1.147017,0.07286687
1,-0.01639919,1.125831,0.07149258
1,-0.01303058,1.154689,0.08373243
1,-0.009059803,1.198306,0.1005762
1,-0.004018335,1.223974,0.1274022
1,0.003289355,1.227236,0.1732418
1,0.01466203,1.1993,0.2319268
1,0.03152891,1.158986,0.2816848
2,0.04733407,1.126556,0.3051743
2,0.04776817,1.128783,0.3009402
2,0.03237838,1.161069,0.2753688
2,0.0210467,1.202818,0.2402128
2,0.01161101,1.233605,0.1911138
2,0.003266036,1.241113,0.1411406
2,-0.003512319,1.221293,0.1002105
3,-0.01259196,1.172349,0.07636071
3,-0.01644638,1.144163,0.07317189
3,-0.02150402,1.169564,0.08769088
3,-0.03147933,1.211975,0.1122708
3,-0.04853973,1.236633,0.1459791
3,-0.07203922,1.238243,0.1899784
3,-0.09627759,1.21539,0.2390554
0,-0.1070886,1.177829,0.2785716
0,-0.1073605,1.150886,0.2866686
0,-0.1023731,1.163137,0.2774873
0,-0.09807207,1.188827,0.2543899
0,-0.08791427,1.217279,0.2224953
0,-0.0734908,1.233312,0.1879734
0,-0.05871548,1.230011,0.1544035
0,-0.04345671,1.201854,0.1262878
1,-0.03270172,1.157935,0.1060875
1,-0.02672516,1.138523,0.1008045
1,-0.02225355,1.16077,0.1122535
1,-0.01531134,1.194704,0.1398266
1,-0.005834923,1.213529,0.1790387
1,0.007782351,1.202359,0.2317579
2,0.02354872,1.171068,0.2789222
2,0.03984059,1.130105,0.3084882
2,0.04765406,1.110599,0.311816
2,0.04037283,1.136797,0.2989443
2,0.03113604,1.170209,0.2758542
2,0.02036944,1.196904,0.2425349
2,0.008089463,1.21262,0.2056376
2,-0.003280231,1.212566,0.1704395
2,-0.0147406,1.196886,0.1391848
3,-0.02608252,1.169398,0.1194628
3,-0.03562879,1.145326,0.1151271
3,-0.0410631,1.153469,0.1248775
3,-0.04879996,1.190088,0.1398541
3,-0.06028816,1.225033,0.162489
3,-0.0770527,1.238381,0.194478
3,-0.09404195,1.23128,0.2329627
3,-0.1078698,1.199145,0.2695839
0,-0.1090962,1.164412,0.2862397
0,-0.1058867,1.158757,0.2832745
0,-0.09971137,1.175286,0.270735
0,-0.09171619,1.200543,0.2494751
0,-0.08089757,1.22141,0.2170453
0,-0.06881007,1.228982,0.1793185
0,-0.05775646,1.222412,0.1454233
0,-0.04677107,1.200016,0.1157866
